{"cameraMode":{"drawMode":0,"name":"Shaded","section":"Shading Mode"},"sceneLighting":false,"audioPlay":false,"sceneViewState":{"showFog":false,"showMaterialUpdate":false,"showSkybox":false,"showFlares":false,"showImageEffects":false,"showParticleSystems":false},"in2DMode":false,"pivot":{"x":-2.001681327819824,"y":6.3986639976501469,"z":-11.818737030029297},"rotation":{"x":-0.02988206036388874,"y":0.08685122430324555,"z":-0.0026063190307468178,"w":-0.9957696199417114},"size":30.09189796447754,"orthographic":false}